{
  "policy_only": 36,
  "opponent_only": 30,
  "both": 47,
  "neither": 111,
  "total": 224,
  "wins": 36,
  "losses": 30,
  "ties": 158,
  "n_decisive": 66,
  "win_rate": 0.5454545454545454,
  "wilson_lb": 0.42614799738706416,
  "wilson_ub": 0.659760687408244,
  "z": 1.96
}
