{
  "policy_only": 12,
  "opponent_only": 3,
  "both": 0,
  "neither": 81,
  "total": 96,
  "wins": 12,
  "losses": 3,
  "ties": 81,
  "n_decisive": 15,
  "win_rate": 0.8,
  "wilson_lb": 0.5481406466534955,
  "wilson_ub": 0.9295257935638959,
  "z": 1.96
}