{
  "policy_only": 11,
  "opponent_only": 16,
  "both": 7,
  "neither": 62,
  "total": 96,
  "wins": 11,
  "losses": 16,
  "ties": 69,
  "n_decisive": 27,
  "win_rate": 0.4074074074074074,
  "wilson_lb": 0.24514513372857347,
  "wilson_ub": 0.5927361694463591,
  "z": 1.96
}