{
  "policy_only": 4,
  "opponent_only": 18,
  "both": 5,
  "neither": 37,
  "total": 64,
  "wins": 4,
  "losses": 18,
  "ties": 42,
  "n_decisive": 22,
  "win_rate": 0.18181818181818182,
  "wilson_lb": 0.0730676602410512,
  "wilson_ub": 0.3851702197663787,
  "z": 1.96
}